sr_no,first_published_utc,product_title,handle,original_url_devaastha,product_type,min_price_inr,original_image_url,shopify_product_id
1,2025-11-27 18:38:47,Handcrafted Silver-Plated Swan Pair Candle Holders,swan-pair-idol-silver-plated,https://www.devaastha.com/products/swan-pair-idol-silver-plated,Showpiece,2899.0,https://cdn.shopify.com/s/files/1/0702/1789/2058/files/1_b0e99041-10a5-4128-af62-828fc8331a11.jpg?v=1781345702,9101667401946
2,2025-11-27 18:38:49,Silver-Plated Peacock Candle Holder for Divine Decor & Diyas,dancing-peacock-candle-holder-silver-plated,https://www.devaastha.com/products/dancing-peacock-candle-holder-silver-plated,Showpiece,2899.0,https://cdn.shopify.com/s/files/1/0702/1789/2058/files/1_32d22629-f334-48b2-81a8-1a51906b7c27.jpg?v=1781345716,9101667500250
3,2025-11-27 18:38:51,Dev Aastha Silver-Plated Lovebirds Pair for Home Decor,pair-of-lovebirds-silver-plated-idol,https://www.devaastha.com/products/pair-of-lovebirds-silver-plated-idol,Showpiece,1499.0,https://cdn.shopify.com/s/files/1/0702/1789/2058/files/1_1f0df561-d427-45fa-a97b-7d0d1c3550a5.png?v=1781345730,9101667533018
4,2025-11-27 18:38:52,"Kamdhenu Cow with Calf Silver-Plated Idol (2"")",kamdhenu-cow-silver-plated-idol-small,https://www.devaastha.com/products/kamdhenu-cow-silver-plated-idol-small,Showpiece,1049.0,https://cdn.shopify.com/s/files/1/0702/1789/2058/files/kamdhenu_cow_idol_ecf19f00-674f-46fb-9049-cb4275fb53f2.png?v=1781345744,9101667565786
5,2025-11-27 18:38:54,"Handcrafted Silver Plated Kamdhenu Cow with Calf Idol (4"")",kamdhenu-cow-silver-plated-idol-medium,https://www.devaastha.com/products/kamdhenu-cow-silver-plated-idol-medium,Showpiece,3449.0,https://cdn.shopify.com/s/files/1/0702/1789/2058/files/kamdhenu_cow_idol.png?v=1781345747,9101667631322
6,2025-11-27 18:38:58,Handcrafted Silver-Plated Peacock Tealight Candle Holder Pair,peacock-candle-set-silver-plated-pack-of-2,https://www.devaastha.com/products/peacock-candle-set-silver-plated-pack-of-2,Showpiece,3449.0,https://cdn.shopify.com/s/files/1/0702/1789/2058/files/1_39a9f669-7503-4c74-a3dc-0e28cfa7a239.jpg?v=1781345769,9101667795162
7,2025-11-27 18:39:01,Handcrafted Silver Plated Running Horse Statue for Vastu & Success,running-horse-silver-plated-statue,https://www.devaastha.com/products/running-horse-silver-plated-statue,Showpiece,3999.0,https://cdn.shopify.com/s/files/1/0702/1789/2058/files/1_1d80777f-47e0-401c-8ae5-c08957ceb73c.png?v=1781345787,9101667893466
8,2025-11-27 18:39:03,Silver-Plated Standing Horse Statue for Vastu & Success (Approx. 10 Inch),standing-horse-silver-plated-statue,https://www.devaastha.com/products/standing-horse-silver-plated-statue,Showpiece,7999.0,https://cdn.shopify.com/s/files/1/0702/1789/2058/files/1_cbb10f4c-a41b-4fb1-b7a6-91bdfd261901.png?v=1781345812,9101667926234
9,2025-11-27 18:39:04,"Tortoise Silver-Plated Idol | Small (2.75"")",tortoise-silver-plated-idol-small,https://www.devaastha.com/products/tortoise-silver-plated-idol-small,Showpiece,1099.0,https://cdn.shopify.com/s/files/1/0702/1789/2058/files/3.tortoise_75b26020-2940-4117-ab2a-45685ef8c2c9.webp?v=1774485508,9101667959002
10,2025-11-27 18:39:09,Dev Aastha Vastu Tortoise Silver-Plated Idol for Home,tortoise-silver-plated-idol,https://www.devaastha.com/products/tortoise-silver-plated-idol,Showpiece,1099.0,https://cdn.shopify.com/s/files/1/0702/1789/2058/files/1_4af3b8f4-83c5-4d48-865b-9e9677686fb5.png?v=1781345823,9101668057306
11,2025-11-27 18:39:10,Ashta Lakshmi Tortoise Silver-Plated Idol,ashta-lakshmi-tortoise-silver-plated-idol,https://www.devaastha.com/products/ashta-lakshmi-tortoise-silver-plated-idol,Showpiece,1499.0,https://cdn.shopify.com/s/files/1/0702/1789/2058/files/1_b0e28a55-f65e-4e14-921e-cb8c34699e10.jpg?v=1781345840,9101668090074
12,2025-11-27 18:39:13,Handcrafted Silver Plated Lotus Diya Sets | Decorative Diwali Diyas,lotus-diyas-silver-plated,https://www.devaastha.com/products/lotus-diyas-silver-plated,Showpiece,1999.0,https://cdn.shopify.com/s/files/1/0702/1789/2058/files/1.diya_3757ba4e-c062-4e7f-87aa-b25254593814.webp?v=1781345853,9101668155610
13,2025-11-27 18:39:17,Dev Aastha Laddu Gopal Silver-Plated Idol | Bal Krishna Murti for Home,laddu-gopal-silver-plated-idol,https://www.devaastha.com/products/laddu-gopal-silver-plated-idol,Showpiece,1999.0,https://cdn.shopify.com/s/files/1/0702/1789/2058/files/1_204b7f8c-d109-459f-a5a2-b2c9221ef8d3.jpg?v=1781345872,9101668352218
14,2025-11-27 18:39:19,"Laughing Buddha Silver-Plated Idol (5"")",laughing-buddha-silver-plated-idol,https://www.devaastha.com/products/laughing-buddha-silver-plated-idol,Showpiece,4999.0,https://cdn.shopify.com/s/files/1/0702/1789/2058/files/sittingbuddhastatue_73478f53-8f9d-4566-aaa9-7c33c2dbd2ff.webp?v=1773143162,9101668384986
15,2025-11-27 18:39:25,"Ganesha Gold-Plated Idol (3.7"")",shine-gold-ganesh,https://www.devaastha.com/products/shine-gold-ganesh,Showpiece,1299.0,https://cdn.shopify.com/s/files/1/0702/1789/2058/files/ganeshidolforofficedesk_8bfdeb8d-1f46-4170-a345-d3c633be644c.webp?v=1773310735,9101668516058
16,2025-11-27 18:39:26,Divine Silver-Plated Ganesha Idol for Home Decor & Gifts,ganesha-silver-plated-idol,https://www.devaastha.com/products/ganesha-silver-plated-idol,Showpiece,1199.0,https://cdn.shopify.com/s/files/1/0702/1789/2058/files/1_eac4b6fd-a852-43fe-a7a0-be30c5103114.jpg?v=1779434618,9101668548826
17,2025-11-27 18:39:32,Dev Aastha Silver-Plated Hanging Parrot Wall Decor,hanging-parrot-silver-plated-showpiece,https://www.devaastha.com/products/hanging-parrot-silver-plated-showpiece,Showpiece,6999.0,https://cdn.shopify.com/s/files/1/0702/1789/2058/files/hanging-parrot-silver-plated-wall-decor-hero.webp?v=1788168760,9101668679898
18,2025-11-27 18:39:33,"Lakshmi Silver-Plated Idol (3.7"")",lakshmi-silver-plated-idol,https://www.devaastha.com/products/lakshmi-silver-plated-idol,Showpiece,1499.0,https://cdn.shopify.com/s/files/1/0702/1789/2058/files/lakshmi-silver-plated-idol-3-7-inch-hero.webp?v=1788168759,9101668712666
19,2025-11-27 18:39:40,Handcrafted Silver-Plated Mandarin Duck Pair for Love & Home,mandarin-duck-silver-plated-idol,https://www.devaastha.com/products/mandarin-duck-silver-plated-idol,Showpiece,4999.0,https://cdn.shopify.com/s/files/1/0702/1789/2058/files/mandarin-duck-pair-silver-plated-hero.webp?v=1788168759,9101668876506
20,2025-12-05 13:07:32,Handcrafted Silver-Plated Elephant Pair for Vastu & Gifting,elephant-murti-silver-plated,https://www.devaastha.com/products/elephant-murti-silver-plated,Showpiece,1499.0,https://cdn.shopify.com/s/files/1/0702/1789/2058/files/1_94637498-0cbd-497d-a5be-b8dbbeb0e6a5.jpg?v=1778064234,9108483965146
21,2025-12-05 13:07:34,Kamdhenu Cow with Calf Idol | Silver Plated,kamdhenu-cow-silver-plated-idol,https://www.devaastha.com/products/kamdhenu-cow-silver-plated-idol,Showpiece,1299.0,https://cdn.shopify.com/s/files/1/0702/1789/2058/files/2.5_Inch_Kamdhenu_Cow_with_Calf_Silver_Plated_Idol_for_Vastu_Home_Decor_835a072c-a0df-4a67-ba8a-0f756c69897b.webp?v=1787126494,9108483997914
22,2025-12-05 13:07:36,Handcrafted Silver-Plated Lord Venkateswara Balaji Idol,lord-venkateswara-balaji-silver-plated-idol,https://www.devaastha.com/products/lord-venkateswara-balaji-silver-plated-idol,Showpiece,1199.0,https://cdn.shopify.com/s/files/1/0702/1789/2058/files/lord-venkateswara-balaji-silver-idol-4-inch-gift-box.webp?v=1788160833,9108484030682
23,2025-12-05 13:07:42,Divine Tirupati Balaji Gold-Plated Idol for Home Temple,tirupati-balaji-silver-plated-idol,https://www.devaastha.com/products/tirupati-balaji-silver-plated-idol,Showpiece,1299.0,https://cdn.shopify.com/s/files/1/0702/1789/2058/files/tirupati-balaji-gold-plated-idol-hero.webp?v=1788168761,9108484161754
24,2025-12-05 13:15:19,Dev Aastha Handcrafted Tirupati Balaji Murti | Antique Silver & Gold Plated Idol,dev-sp-balaji-anltique-gold-silver,https://www.devaastha.com/products/dev-sp-balaji-anltique-gold-silver,Showpiece,1399.0,https://cdn.shopify.com/s/files/1/0702/1789/2058/files/tirupati-balaji-antique-silver-gold-plated-idol-hero.webp?v=1788168761,9108486160602
25,2025-12-05 13:15:21,Handcrafted Lord Balaji Gold & Silver Plated Idol | Venkateswara Swamy Murti,lord-balaji-gold-silver-plated-idol,https://www.devaastha.com/products/lord-balaji-gold-silver-plated-idol,Showpiece,1499.0,https://cdn.shopify.com/s/files/1/0702/1789/2058/files/lord-balaji-gold-silver-plated-idol-hero.webp?v=1788168730,9108486193370
26,2026-03-06 09:00:45,Dev Aastha Handcrafted Silver-Plated Lotus Buddha Idol,lotus-buddha-silver-plated-idol,https://www.devaastha.com/products/lotus-buddha-silver-plated-idol,Showpiece,2499.0,https://cdn.shopify.com/s/files/1/0702/1789/2058/files/lotusbuddhastatue.webp?v=1773142492,9186387263706
27,2026-03-08 12:18:41,Silver-Plated Lakshmi Ganesha Idol Set | Auspicious Ganesh Laxmi Murti,lakshmi-ganesh-silver-plated-idol-set,https://www.devaastha.com/products/lakshmi-ganesh-silver-plated-idol-set,Showpiece,2499.0,https://cdn.shopify.com/s/files/1/0702/1789/2058/files/01-silver-plated-lakshmi-ganesh-idol-set-velvet-gift-box.webp?v=1789711032,9187320824026
28,2026-03-08 12:22:47,Handcrafted Silver Plated Lakshmi Ganesh Saraswati Murti Set (3.7 Inch),silver-plated-lakshmi-ganesh-saraswati-idol-set-3-7-inch,https://www.devaastha.com/products/silver-plated-lakshmi-ganesh-saraswati-idol-set-3-7-inch,Showpiece,3999.0,https://cdn.shopify.com/s/files/1/0702/1789/2058/files/lakshmi-ganesh-saraswati-silver-plated-idol-set-hero.webp?v=1788168731,9187321020634
29,2026-03-08 13:15:16,Handcrafted Silver-Plated Lord Shiva Idol for Home & Car,lord-shiva-silver-plated-idol,https://www.devaastha.com/products/lord-shiva-silver-plated-idol,Showpiece,1999.0,https://cdn.shopify.com/s/files/1/0702/1789/2058/files/lord-shiva-silver-idol-gift-box-front.webp?v=1789724880,9187323347162
30,2026-03-09 06:47:02,Handcrafted Silver-Plated Lakshmi Ganesh Murti for Home,silver-plated-lakshmi-ganesh-hanging-4-5-inch,https://www.devaastha.com/products/silver-plated-lakshmi-ganesh-hanging-4-5-inch,Showpiece,2999.0,https://cdn.shopify.com/s/files/1/0702/1789/2058/files/LakshmiGaneshDoorHangin.webp?v=1773143944,9187538174170
31,2026-03-09 06:57:57,Silver Plated Shubh Labh Door Decor for Home Entrance - 5 Inch,silver-plated-subh-labh-hanging-4-5-inch,https://www.devaastha.com/products/silver-plated-subh-labh-hanging-4-5-inch,Showpiece,2999.0,https://cdn.shopify.com/s/files/1/0702/1789/2058/files/shubhlabhhanging_e19c02d7-7cab-4372-8808-85b1d04dd171.webp?v=1773143870,9187540926682
32,2026-03-09 07:06:49,Dev Aastha Silver Plated Kalash Khazana for Wealth & Abundance,silver-plated-kalash-khazana-4-5-inch,https://www.devaastha.com/products/silver-plated-kalash-khazana-4-5-inch,Showpiece,3499.0,https://cdn.shopify.com/s/files/1/0702/1789/2058/files/1_0c79068a-cda2-4c5d-b2b3-9527f3052409.jpg?v=1780575286,9187542335706
33,2026-03-09 07:11:08,Dev Aastha Silver Plated Kuber Kalash Khazana | Laxmi Murti,silver-plated-kalash-khazana-2-5-inch,https://www.devaastha.com/products/silver-plated-kalash-khazana-2-5-inch,Showpiece,1249.0,https://cdn.shopify.com/s/files/1/0702/1789/2058/files/1_effd4c4a-5459-403a-873c-d74ccc4e5f2d.jpg?v=1780575472,9187543351514
34,2026-03-09 07:36:17,Standing Balaji Silver-Plated Idol,silver-plated-standing-lord-tirupati-balaji-idol-4-7-inch,https://www.devaastha.com/products/silver-plated-standing-lord-tirupati-balaji-idol-4-7-inch,Showpiece,1999.0,https://cdn.shopify.com/s/files/1/0702/1789/2058/files/standing-balaji-silver-plated-idol-4-7-inch-hero.webp?v=1788168728,9187555147994
35,2026-03-09 08:02:17,Silver-Plated Radha Krishna Idol for Home & Gifting,radha-krishna-silver-plated,https://www.devaastha.com/products/radha-krishna-silver-plated,Showpiece,1199.0,https://cdn.shopify.com/s/files/1/0702/1789/2058/files/radha-krishna-silver-plated-idol-hero.webp?v=1788168727,9187560849626
36,2026-03-09 09:42:00,Silver Plated Meditating Lord Buddha Idol | 4.5 inch,silver-plated-meditating-lord-buddha-idol,https://www.devaastha.com/products/silver-plated-meditating-lord-buddha-idol,Showpiece,2999.0,https://cdn.shopify.com/s/files/1/0702/1789/2058/files/buddhaidol_8dada015-f9e3-47d2-9bf0-e41b148d8883.webp?v=1773142883,9187586277594
37,2026-03-09 10:29:37,Silver Plated Buddha Idol | 5.5 inch,silver-plated-buddha-idol-5-5-inch,https://www.devaastha.com/products/silver-plated-buddha-idol-5-5-inch,Showpiece,6999.0,https://cdn.shopify.com/s/files/1/0702/1789/2058/files/silver-plated-buddha-idol-5-5-inch-hero.webp?v=1788168759,9187596992730
38,2026-03-09 10:51:52,"Ganesha Silver-Plated Sitting Idol (3.5"")",big-crown-ganesh-silver-plated,https://www.devaastha.com/products/big-crown-ganesh-silver-plated,Showpiece,1499.0,https://cdn.shopify.com/s/files/1/0702/1789/2058/files/ganesha-silver-plated-sitting-idol-3-5-inch-hero.webp?v=1788168730,9187600236762
39,2026-03-09 11:09:21,Handcrafted Trishul Ganesh Silver Plated Idol | 3 Inch Ganpati Murti,trishul-ganesh-silver-plated,https://www.devaastha.com/products/trishul-ganesh-silver-plated,Showpiece,1499.0,https://cdn.shopify.com/s/files/1/0702/1789/2058/files/1_2099015f-ece5-41de-9bb3-1b2f16fb5e5c.jpg?v=1780291589,9187604431066
40,2026-03-09 12:49:35,Hanuman Silver-Plated Idol,hanuman-silver-plated-idol,https://www.devaastha.com/products/hanuman-silver-plated-idol,Showpiece,1149.0,https://cdn.shopify.com/s/files/1/0702/1789/2058/files/1_f506ef28-133c-4a00-b0bf-ad3e18f09cd7.jpg?v=1781326093,9187672719578
41,2026-03-09 12:58:51,Divine Silver-Plated Hanuman Idol - 7 inch Handcrafted,hanuman-silver-plated-idol-7inch,https://www.devaastha.com/products/hanuman-silver-plated-idol-7inch,Showpiece,9999.0,https://cdn.shopify.com/s/files/1/0702/1789/2058/files/hanumanmurti_fa1b870a-bf04-46df-8ccc-73850427b886.webp?v=1773296878,9187682549978
42,2026-03-09 13:19:50,Throne Ganesha Silver-Plated Idol – Handcrafted Ganpati Murti,throne-ganesh-idol-silver-plated,https://www.devaastha.com/products/throne-ganesh-idol-silver-plated,Showpiece,1499.0,https://cdn.shopify.com/s/files/1/0702/1789/2058/files/throne-ganesha-silver-plated-idol-hero.webp?v=1788168758,9187696967898
43,2026-03-10 05:28:36,Silver-Plated Saraswati Idol | 3.7 inch,silver-plated-saraswati-idol-3-7-inch,https://www.devaastha.com/products/silver-plated-saraswati-idol-3-7-inch,Showpiece,1499.0,https://cdn.shopify.com/s/files/1/0702/1789/2058/files/silver-plated-saraswati-idol-3-7-inch-hero.webp?v=1788168728,9189293654234
44,2026-03-12 06:43:38,"Standing Hanuman Silver-Plated Idol (5.5"")",standing-hanuman-silver-plated-idol,https://www.devaastha.com/products/standing-hanuman-silver-plated-idol,Showpiece,3999.0,https://cdn.shopify.com/s/files/1/0702/1789/2058/files/dev-aastha-silver-plated-collection.jpg?v=1786445953,9192813887706
45,2026-03-17 12:06:25,Handcrafted Ganesha Silver Shankh - Dual-Tone Divine Decor,ganesha-shankh-gold-silver-plated,https://www.devaastha.com/products/ganesha-shankh-gold-silver-plated,Showpiece,1999.0,https://cdn.shopify.com/s/files/1/0702/1789/2058/files/71HLEvpOmdL._SL1500.webp?v=1773752543,9195764023514
46,2026-03-17 12:09:38,Handcrafted Silver-Plated Vishnu Lakshmi Shankh (7 Inch),antique-silver-plated-vishnu-lakshmi-shankh,https://www.devaastha.com/products/antique-silver-plated-vishnu-lakshmi-shankh,Showpiece,3499.0,https://cdn.shopify.com/s/files/1/0702/1789/2058/files/81etH2h5wRL._SL1500.webp?v=1773751914,9195764580570
47,2026-03-17 12:11:53,"Virat Roop Vishnu Shankh Silver-Plated |(8.5"")",virat-roop-vishnu-shankh-silver-plated,https://www.devaastha.com/products/virat-roop-vishnu-shankh-silver-plated,Showpiece,3499.0,https://cdn.shopify.com/s/files/1/0702/1789/2058/files/81f62_V4PTL._SL1500.webp?v=1773752130,9195765170394
48,2026-03-17 12:15:14,Kamdhenu Cow with Calf Silver Plated Idol | Auspicious Home Decor,kamdhenu-cow-gold-silver-plated-idol,https://www.devaastha.com/products/kamdhenu-cow-gold-silver-plated-idol,Showpiece,1499.0,https://cdn.shopify.com/s/files/1/0702/1789/2058/files/kamdhenu-cow-with-calf-silver-plated-idol-hero.webp?v=1788168729,9195765596378
49,2026-03-17 13:52:47,Dev Aastha Silver-Plated Ganesh Shankh for Divine Home Decor,ganesh-shankh-silver-plated,https://www.devaastha.com/products/ganesh-shankh-silver-plated,Showpiece,3499.0,https://cdn.shopify.com/s/files/1/0702/1789/2058/files/18.webp?v=1773755440,9195793547482
50,2026-03-26 11:12:51,Handcrafted Silver-Plated Reclining Buddha Idol - 4.5 Inch,sleeping-buddha-silver-plated-idol-4-5,https://www.devaastha.com/products/sleeping-buddha-silver-plated-idol-4-5,Showpiece,2499.0,https://cdn.shopify.com/s/files/1/0702/1789/2058/files/1_3064ad4b-2a24-4ba7-a759-d17e2924e34b.jpg?v=1779871521,9206064775386
51,2026-03-27 05:11:01,Lakshmi Charan Silver-Plated Idol,lakshmi-charan-silver-plated-idol,https://www.devaastha.com/products/lakshmi-charan-silver-plated-idol,Showpiece,1499.0,https://cdn.shopify.com/s/files/1/0702/1789/2058/files/lakshmicharanpaduka.webp?v=1774588071,9207114072282
52,2026-04-29 12:43:26,"Handcrafted Silver Plated Shringar Krishna Face Idol with Wooden Base, 6 Inch",silver-plated-shringar-krishna-face-idol-with-wooden-base-6-inch,https://www.devaastha.com/products/silver-plated-shringar-krishna-face-idol-with-wooden-base-6-inch,Showpiece,2999.0,https://cdn.shopify.com/s/files/1/0702/1789/2058/files/1_fd6a4603-6a39-44ae-b5ff-06b7bf9ad8a7.jpg?v=1777465467,9242115703002
53,2026-04-30 08:42:43,"Dev Aastha Silver Plated Shri Ram Face Idol, 6 Inch",silver-plated-shri-ram-face-idol-with-wooden-base-6-inch-pooja-home-decor,https://www.devaastha.com/products/silver-plated-shri-ram-face-idol-with-wooden-base-6-inch-pooja-home-decor,Showpiece,2999.0,https://cdn.shopify.com/s/files/1/0702/1789/2058/files/1_ced76990-529c-41fa-9fb5-cb15d1996073.jpg?v=1777538232,9242894532826
54,2026-04-30 09:33:31,Divine Silver Plated Shrinath Ji Idol with Wooden Base,silver-plated-shrinath-ji-idol-with-wooden-base-6-inch,https://www.devaastha.com/products/silver-plated-shrinath-ji-idol-with-wooden-base-6-inch,Showpiece,2999.0,https://cdn.shopify.com/s/files/1/0702/1789/2058/files/1_28bf53c6-9248-4353-8e43-e15e68c0e9da.jpg?v=1777540889,9242952630490
55,2026-04-30 10:16:53,Handcrafted Silver Plated Shri Ram Face Idol - 6 Inch,premium-silver-plated-shri-ram-face-idol-6-inch,https://www.devaastha.com/products/premium-silver-plated-shri-ram-face-idol-6-inch,Showpiece,2999.0,https://cdn.shopify.com/s/files/1/0702/1789/2058/files/1_1d19e22a-7167-4ba7-bf6a-70f01819d1a0.jpg?v=1777543596,9242968817882
56,2026-04-30 11:06:16,Handcrafted Silver Plated Radha Krishna Idol for Home Decor,premium-silver-plated-radha-krishna-idol-5-3-inch,https://www.devaastha.com/products/premium-silver-plated-radha-krishna-idol-5-3-inch,Showpiece,2999.0,https://cdn.shopify.com/s/files/1/0702/1789/2058/files/1_8614a910-9fe1-447d-93b2-3bfcaa8cfcc2.jpg?v=1777611359,9242987331802
57,2026-04-30 11:48:48,Silver Plated Radha Krishna Idol 6 Inch with Wooden Base,silver-plated-radha-krishna-idol-with-wooden-base-6-inch,https://www.devaastha.com/products/silver-plated-radha-krishna-idol-with-wooden-base-6-inch,Showpiece,2999.0,https://cdn.shopify.com/s/files/1/0702/1789/2058/files/1_a8436375-3fc7-4c25-a209-b0ddea142248.jpg?v=1777549147,9243015086298
58,2026-05-02 06:06:09,"Ganesh Shankh Silver-Plated (5.2"")",ganesh-shankh-silver-plated-small-5-5,https://www.devaastha.com/products/ganesh-shankh-silver-plated-small-5-5,Showpiece,1999.0,https://cdn.shopify.com/s/files/1/0702/1789/2058/files/1_710abfe1-2689-4507-aa3a-608185d10b39.jpg?v=1777972237,9245023437018
59,2026-07-09 12:43:53,999 Silver & 24K Gold Plated 7 Running Horse Showpiece - 12 Inch Vastu Decor,999-silver-24k-gold-plated-7-running-horse-horn-showpiece,https://www.devaastha.com/products/999-silver-24k-gold-plated-7-running-horse-horn-showpiece,Showpiece,6999.0,https://cdn.shopify.com/s/files/1/0702/1789/2058/files/61LRe4QFyWL._SL1254.jpg?v=1783600869,9379417063642
60,2026-07-27 09:28:07,"Radha Krishna with Cow Silver-Plated Idol (4"")",radha-krishna-with-cow-silver-plated-idol-4,https://www.devaastha.com/products/radha-krishna-with-cow-silver-plated-idol-4,Deity Idol,2999.0,https://cdn.shopify.com/s/files/1/0702/1789/2058/files/radha-krishna-with-cow-silver-plated-idol-gift-box.webp?v=1788160774,9408879100122
61,2026-07-27 09:28:37,"Seated Hanuman Silver-Plated Idol for Car & Home (4"")",seated-hanuman-silver-plated-idol-for-car-amp-home-4,https://www.devaastha.com/products/seated-hanuman-silver-plated-idol-for-car-amp-home-4,Deity Idol,1999.0,https://cdn.shopify.com/s/files/1/0702/1789/2058/files/613GQTPzlML._SL1600.jpg?v=1785144519,9408879460570
62,2026-07-27 09:29:11,"Panchmukhi Hanuman Silver-Plated Idol (5"")",panchmukhi-hanuman-silver-plated-idol-5,https://www.devaastha.com/products/panchmukhi-hanuman-silver-plated-idol-5,Deity Idol,3499.0,https://cdn.shopify.com/s/files/1/0702/1789/2058/files/71KI7QJT6gL._SL1600.jpg?v=1785144553,9408879853786
63,2026-07-27 09:29:35,"Shivling with Snake Silver-Plated Idol (5"")",shivling-with-snake-silver-plated-idol-5,https://www.devaastha.com/products/shivling-with-snake-silver-plated-idol-5,Deity Idol,2999.0,https://cdn.shopify.com/s/files/1/0702/1789/2058/files/61tBDt_OJSL._SL1600.jpg?v=1785144577,9408879984858
64,2026-07-27 09:30:01,"Big Crown Lakshmi Ganesh Silver-Plated Idol Set (3.5"")",big-crown-lakshmi-ganesh-silver-plated-idol-set-3-5,https://www.devaastha.com/products/big-crown-lakshmi-ganesh-silver-plated-idol-set-3-5,Idol Set,2599.0,https://cdn.shopify.com/s/files/1/0702/1789/2058/files/61l_ENQSJhL._SL1600.jpg?v=1785144603,9408880050394
65,2026-07-27 09:30:42,"Durga Maa on Tiger Silver-Plated Idol (4.2"")",durga-maa-on-tiger-silver-plated-idol-4-2,https://www.devaastha.com/products/durga-maa-on-tiger-silver-plated-idol-4-2,Deity Idol,3999.0,https://cdn.shopify.com/s/files/1/0702/1789/2058/files/71OX_we-u1L._SL1600.jpg?v=1785144645,9408880476378
66,2026-07-27 09:33:07,"Vishnu Lakshmi on Sheshnag Silver-Plated Idol (4"")",vishnu-lakshmi-on-sheshnag-silver-plated-idol-4,https://www.devaastha.com/products/vishnu-lakshmi-on-sheshnag-silver-plated-idol-4,Idol Set,3999.0,https://cdn.shopify.com/s/files/1/0702/1789/2058/files/71l8h1OibVL._SL1600.jpg?v=1785144789,9408881262810
67,2026-07-27 09:33:30,"Radha Krishna with Peacock Silver-Plated Idol (5.5"")",radha-krishna-with-peacock-silver-plated-idol-5-5,https://www.devaastha.com/products/radha-krishna-with-peacock-silver-plated-idol-5-5,Deity Idol,4499.0,https://cdn.shopify.com/s/files/1/0702/1789/2058/files/61aadV0mPfL._SL1600_baa77eb9-5a53-495d-8116-2b6669489216.jpg?v=1785144812,9408881656026
68,2026-07-27 09:33:56,"Shiv Parivar Shivling Silver-Plated Idol (5.5"")",shiv-parivar-shivling-silver-plated-idol-5-5,https://www.devaastha.com/products/shiv-parivar-shivling-silver-plated-idol-5-5,Idol Set,4999.0,https://cdn.shopify.com/s/files/1/0702/1789/2058/files/71gBGqX8LoL._SL1600.jpg?v=1785144838,9408881819866
69,2026-07-27 09:34:24,Vitthal Rukmini Silver-Plated Idol,vitthal-rukmini-silver-plated-idol,https://www.devaastha.com/products/vitthal-rukmini-silver-plated-idol,Idol Set,1499.0,https://cdn.shopify.com/s/files/1/0702/1789/2058/files/610fdOmSf3L._SL1600.jpg?v=1785144866,9408881983706
70,2026-07-27 09:34:51,"Hanuman Shankh Dual-Tone Silver & Gold Plated (4.6"")",hanuman-shankh-dual-tone-silver-amp-gold-plated-4-6,https://www.devaastha.com/products/hanuman-shankh-dual-tone-silver-amp-gold-plated-4-6,Pooja Item,2089.0,https://cdn.shopify.com/s/files/1/0702/1789/2058/files/71sxcFZKvjL._SL1600_1a2efc95-38a5-417d-951f-168913e0acf8.jpg?v=1785144893,9408882082010
71,2026-07-27 09:35:16,Flower Diya Silver-Plated for Pooja,flower-diya-silver-plated-for-pooja,https://www.devaastha.com/products/flower-diya-silver-plated-for-pooja,Pooja Item,1999.0,https://cdn.shopify.com/s/files/1/0702/1789/2058/files/71dPlrdJ2jL._SL1600.jpg?v=1785144918,9408882180314
72,2026-07-27 09:35:38,Panchmukhi Diya Silver-Plated for Pooja,panchmukhi-diya-silver-plated-for-pooja,https://www.devaastha.com/products/panchmukhi-diya-silver-plated-for-pooja,Pooja Item,1999.0,https://cdn.shopify.com/s/files/1/0702/1789/2058/files/71o7Gx_153L._SL1600.jpg?v=1785144940,9408882278618
73,2026-07-27 12:56:39,"Sanjeevani Hanuman Silver-Plated Idol (5.2"")",sanjeevani-hanuman-silver-plated-idol-5-2,https://www.devaastha.com/products/sanjeevani-hanuman-silver-plated-idol-5-2,Deity Idol,2999.0,https://cdn.shopify.com/s/files/1/0702/1789/2058/files/711eRialjyL._SL1254.jpg?v=1785157002,9408949125338
74,2026-07-30 10:52:59,Silver-Plated Rearing Horse Statue for Vastu & Success (6.5 Inch),silver-plated-rearing-horse-statue-for-vastu-success-6-5-inch,https://www.devaastha.com/products/silver-plated-rearing-horse-statue-for-vastu-success-6-5-inch,Showpiece,3999.0,https://cdn.shopify.com/s/files/1/0702/1789/2058/files/71dvu5Ox7EL._SL1600.jpg?v=1785408832,9412094722266
75,2026-08-17 08:36:43,Lakshmi Ganesha Diya Silver-Plated for Pooja (Set of 2),lakshmi-ganesha-diya-silver-plated-for-pooja,https://www.devaastha.com/products/lakshmi-ganesha-diya-silver-plated-for-pooja,Pooja Item,1999.0,https://cdn.shopify.com/s/files/1/0702/1789/2058/files/71uetQ4rbKL._SL1254.jpg?v=1786955805,9438442520794
